id,pred,y
1,-0.68012387,-8.165592381333878
2,-10.712517,-21.34868582641278
3,-8.656467,-26.01342882425531
4,-13.353677,-20.79598432014282
5,-13.127839,-21.3650678271279
6,-5.9101214,-10.866995402729227
7,-5.025354,-17.973489809641237
8,-10.201177,-21.34408548596829
9,-37.427834,-36.63469673556122
10,3.3118184,13.215100829504545
11,-2.625671,-26.114846508846327
12,-20.82555,-2.9635977751034237
13,9.575461,39.96104487756261
14,-27.784084,-125.35317700657863
15,5.5978813,-2.048353847414464
16,0.20880598,12.016311450020778
17,-16.128225,-23.559896463503488
18,-37.378704,-50.04971048325461
19,-22.656979,-20.455128963532893
20,5.982467,32.7067145574303
21,7.5413623,48.58377796374014
22,-3.0714822,-3.9923702692691823
23,-21.982355,-20.35952249584735
24,-11.478728,-10.925120698485568
25,7.3602653,234.53007812913276
26,-17.49653,-9.960090413106325
27,-18.77081,-34.372551823365804
28,1.8834072,15.607453555784552
29,-22.924772,-32.72104139644623
30,1.997942,29.529924263029734
31,-11.897976,-18.885321826702143
32,-19.007895,-14.946671991262484
33,-14.197367,-10.036558217709402
34,-18.732527,-30.574626934711226
35,-11.429356,-18.562668942678933
36,2.5299044,3.608983697796425
37,-19.657682,20.358842983062512
38,-4.655523,9.635946389296087
39,-15.1993265,-18.003564333698932
40,-2.553119,36.9784979593738
41,-19.044992,-24.989596780837108
42,-19.199984,-13.963777806770134
43,-19.95869,-19.082141070486323
44,-53.320045,-82.92950898090095
45,-0.4426875,24.43704816904961
46,9.695124,26.839751053203486
47,-14.342974,20.046465978852588
48,7.8228736,29.49523641173811
49,-20.202864,-26.395664207632922
50,-11.511681,-8.597435222896207
51,2.0130103,1.7156547954047667
52,0.56833035,14.419260817901057
53,-1.2314706,39.046457559101455
54,4.283196,-16.028291620662085
55,-33.949364,-53.778351616869905
56,-14.7375555,-7.275132308276353
57,-0.9295286,5.975901024740695
58,-7.2618804,-12.04098961959114
59,-11.258401,-11.548552698918336
60,-24.129145,-14.227211886536551
61,-16.588015,-1.2427846526305089
62,5.0060816,9.57952544208236
63,-16.990734,-19.59553539117148
64,-1.9726844,11.00741636733022
65,-21.856386,-45.96842583076738
66,6.666001,43.22920219362741
67,4.548469,-22.615638512361933
68,-14.154339,-0.2418030288408506
69,-20.644993,16.312593231536596
70,10.26731,4.0407284994855805
71,-5.892478,-9.21129455036692
72,5.2202816,47.60950576915737
73,-24.138044,-22.968939662356966
74,-25.627308,-42.607619243817524
75,5.5680313,58.230556785916775
76,-14.812113,-0.9644390949973776
77,-12.857263,-45.6486408759168
78,-16.687191,-26.917089197002593
79,4.8653326,16.773795460891773
80,-8.32612,-1.8577164565031128
81,-41.142727,-43.379793847789486
82,-5.1164093,19.356035994966053
83,-6.134647,32.52056366373308
84,4.0887027,0.3862994394341732
85,-20.349855,-9.24527268162039
86,-26.795149,-2553.4001129072767
87,4.999894,21.744217649440127
88,-9.27907,-4.1604628302484565
89,9.516671,54.9921319360462
90,-6.4409223,27.109349442250444
91,9.970943,13.822985828836828
92,-5.7699494,-7.063898449302589
93,-20.018497,7.96786379771265
94,0.07731181,31.376516318539515
95,-1.4599432,10.902255417584712
96,-38.609634,-39.7906739286853
97,4.3918395,16.54147729242296
98,-12.262472,-20.366822141194785
99,-17.387503,-15.059747168484217
100,-16.460758,4.777256498217097
101,0.3111763,-2.455802942435275
102,-17.69758,-13.513285457896524
103,-2.239977,17.344453263478087
104,-0.6592127,-0.1757155865573441
105,0.21540064,44.597923880916355
106,-26.76797,0.2329348957471637
107,-18.721567,-21.424563444912263
108,3.8417854,17.43822766986133
109,-10.554054,3.406580791539412
110,-35.284916,-39.29477688031878
111,-14.748636,5.979991606844476
112,-12.665213,-15.318324663351357
113,5.9306736,-5.724582974710453
114,-2.789616,-14.232135688914545
115,7.9153576,192.2509554934274
116,-17.521975,-7.5114235477189615
117,-7.813007,3.1199277208297573
118,-26.12308,-8.198537110300313
119,-28.683071,-18.94266447430852
120,2.0195072,18.55382167707623
121,-6.3961773,-15.766116877237598
122,3.4575825,52.083960355760034
123,3.953125,8.244854331502815
124,10.5978155,56.790144975976546
125,3.9126573,-9.281464275027414
126,-7.9286017,4.12500835816381
127,-32.76132,-34.75518520177755
128,-2.4877071,-7.404850840882012
129,-30.95457,-78.70948301650195
130,-4.8937078,5.680292496602219
131,-1.2588317,14.498296453081965
132,-39.90525,-48.14901850164927
133,-20.988634,-12.313982857481037
134,-61.047703,-89.49107111956938
135,-0.16961879,42.02917639306555
136,-16.282501,-10.505608656050912
137,2.5382466,9.368224427951494
138,-13.125855,4.652283756622472
139,9.250271,81.68637432728956
140,-4.0729513,38.25181287592334
141,-15.909614,17.711974776355305
142,-6.371116,-85.13202285603562
143,-11.019284,3.91382258209481
144,-12.264277,-20.08113829470449
145,-33.532528,-27.94396989417726
146,-31.6171,-21.555011573170837
147,3.2769418,28.330176669086583
148,-4.5112453,12.14377415699137
149,4.2499504,20.63264103413021
150,-6.637126,-3.3347931632627468
151,-38.705795,-47.860134771824036
152,-20.879356,-17.622037512995753
153,-14.435957,-146.98291793017177
154,7.5717616,-3.7310060148003945
155,-13.203071,10.723219828235646
156,-9.518533,-6.725017892725344
157,4.6616645,98.29207040548894
158,-22.811378,-19.5136271911858
159,0.29034346,10.190773430999755
160,-3.7274628,-2.481360181580138
161,-30.104975,-39.80829336739044
162,-7.192205,-20.056241393241336
163,9.280819,49.93980642133865
164,-5.535549,3.417054721359207
165,2.9392128,53.51217366629598
166,5.534606,49.61666303091111
167,1.1038487,28.766293261729174
168,1.669641,10.03735472958966
169,-21.423002,-23.862834990661774
170,4.7015877,54.6338398947669
171,-39.585197,-58.655833945892994
172,9.631795,21.32489617663449
173,-25.826784,-34.580610771199105
174,-40.197483,-37.10211094638721
175,7.4362545,33.36155922176205
176,-9.377793,-16.077907376839633
177,6.4673667,2.130748612955763
178,-31.403551,-19.328190685430773
179,-30.055647,-49.87302673893308
180,-20.124075,-46.94373340835558
181,5.708723,9.59831768587726
182,-0.29188353,25.782742047267604
183,-10.749976,-15.259845021217213
184,-4.603773,16.8234305658588
185,-3.8772767,72.75773893985726
186,4.980513,8.311983075908806
187,9.390026,67.54951726789236
188,-34.288074,-14.016697368133759
189,2.808895,11.707841445826896
190,5.0437255,55.70161026504696
191,-3.993454,25.541844538311786
192,-2.2928681,4.73991029871748
193,0.3603125,-4.040280653622813
194,7.880936,47.077437485910174
195,-20.048494,353.53355579242674
196,-50.93339,-45.139269108345225
197,4.688165,-1.7972516630178883
198,-12.637268,-4.299560309674764
199,-2.8826666,32.17983994396498
200,5.509334,40.53385834022003
201,-22.793064,-26.19471618092441
202,-9.545774,-12.884350904377813
203,1.7203923,2.616518972616944
204,-53.419624,-74.07000288757969
205,1.4500195,-1.4423180201681896
206,-19.242346,-9.219583343906287
207,6.7429786,7.1390918784784985
208,-21.958406,-24.475878527358716
209,-8.414819,22.74265907302612
210,-3.235475,-5.306727733190857
211,1.3434576,6.132013473971119
212,-14.602723,-5.7117686167521615
213,8.332465,4.175678517039044
214,-30.134544,-28.89889933097843
215,-8.004621,-12.931682044540052
216,7.360348,-11.839100031697118
217,-13.297279,-17.068946662228953
218,2.9608204,50.543236356835784
219,-11.439649,32.42000764213438
220,1.7318964,-4.524820538423954
221,-16.935452,-29.438155989842944
222,4.0049915,37.23506064359889
223,-43.751175,-47.89321369797704
224,-8.736153,7.493097397285918
225,5.110711,40.67190401936824
226,-7.7374873,-4.028331096373906
227,4.776589,58.40067334265538
228,-26.39612,-38.98803812789311
229,-12.58094,-9.804624693930633
230,-10.449709,-16.27829127093526
231,7.7646127,32.242578206434736
232,-19.483261,-18.947214601383067
233,-20.979353,-50.32306292023274
234,-6.8747735,26.52172903110208
235,1.8487306,53.019982153045035
236,-31.381231,-31.95064796191319
237,-12.508147,-33.35433263674145
238,6.4513245,27.40906366513228
239,-8.094616,-10.233394956692727
240,-5.6133904,23.6774303018698
241,4.353154,5.513355251528732
242,5.9642906,24.51495523204317
243,-27.965506,-41.79139886594423
244,-9.616313,3.798256501022669
245,2.5102336,12.465594417632644
246,-20.897665,-13.93874484154441
247,3.2397141,9.35726885294878
248,-17.333841,14.847992524634158
249,-30.894625,-6.304617093184137
250,5.2626505,6.519651165067169
251,-8.160413,-48.70208872579315
252,9.8866205,32.56494517704185
253,0.7812048,18.85689716831871
254,-15.897452,-20.645425981189998
255,-5.9222465,-42.46655592359093
256,-34.470432,-25.139379896762748
257,8.115771,91.03183258829624
258,7.7603006,41.89870566809344
259,4.0966773,24.16339946771993
260,-37.62385,-58.5523437913202
261,-15.562762,-20.563315179016755
262,-36.371197,-46.773284753377936
263,3.5211892,-15.525053426872775
264,-2.4234712,35.029003321346444
265,1.4054687,15.797839535265364
266,-22.860449,-29.848294806296373
267,-33.569004,-53.4145726433445
268,-12.654134,4.326944388911324
269,7.3322587,36.19898600562096
270,-27.2755,-33.77147714243345
271,8.415957,27.62882659949729
272,2.7118635,37.08671005084322
273,8.565342,20.201746620619836
274,-2.3870146,98.36445921078204
275,-17.628561,0.6149064903358576
276,-15.759831,-18.918453790075603
277,-21.43255,-3.9871553199125684
278,-24.136513,-17.532361007298277
279,-16.123875,1.3741020943859583
280,-7.605554,2.720549385399605
281,-1.9650512,37.06603210332013
282,-24.233282,-38.202804444520496
283,-21.616293,-8.39116257403156
284,-10.924475,-24.668520648276054
285,10.08852,29.383601755774713
286,-15.231763,-17.75974200138639
287,-18.85146,-19.347753935094364
288,-12.621884,-18.329499290899147
289,-1.7034569,14.514899953548571
290,-24.608665,-25.074295161966962
291,-15.574864,-10.655061865442516
292,-19.113457,-30.41679304655171
293,-23.944878,-29.24703324156316
294,-23.41322,-36.657140197647216
295,-8.552262,24.089102193133517
296,0.8830185,14.359623691596825
297,4.2121882,11.910366156267012
298,1.8805399,33.267521385830825
299,-32.591095,-36.04000428791004
300,3.8764067,62.62447076472507
301,-16.079721,-14.907695411142116
302,-33.77785,-34.31573192916304
303,-26.38454,-28.68070370940503
304,-15.257477,10.229756867375256
305,4.888465,34.575145435837825
306,5.4378057,-12.004986880279839
307,-8.461795,-27.55434402002997
308,-25.641708,6.4816864306775965
309,-5.3753705,15.66711266326135
310,-20.710503,-0.08253252314295723
311,-50.970123,-54.58151422559754
312,6.950965,10.423306379446883
313,-24.373913,-7.184793323475764
314,-7.2242203,-1.033861837719002
315,-2.7253242,11.541160020450773
316,-26.530466,-34.82547817375909
317,-23.661879,-23.738682380630387
318,0.58338827,-0.6115792569766183
319,6.3707356,14.675384179730074
320,7.22206,58.043454224722545
321,-26.07493,-12.473522230833172
322,-2.4356647,25.299858986447568
323,10.535587,44.31622270670828
324,-0.41864684,57.36925157980143
325,-6.902745,7.901351908048313
326,-26.002546,-13.3489972851554
327,-13.874242,-27.50666417603532
328,-3.2172241,-27.30907636913587
329,-9.5596485,10.114405277698944
330,-28.957653,-58.37679010305082
331,-8.555128,12.960305638147831
332,-40.662594,-40.46215057400475
333,-17.700075,-33.29833420319648
334,-14.6939,46.5536450183683
335,1.0670356,14.979483560440618
336,9.021409,24.29704100685752
337,-0.867562,15.790066991575966
338,0.84981686,35.88219824008513
339,4.319003,36.73005847598925
340,0.89463925,-4.136863216984092
341,-23.707376,-11.156758452968075
342,5.447951,3.0884348980073817
343,8.622769,50.19904748835508
344,-7.3617535,-13.045062139015435
345,-4.2328725,5.023429843413213
346,-26.93278,-43.16716430779497
347,3.2808971,6.127380660936511
348,-12.59641,-127.265688042975
349,1.8570753,-21.695454727462774
350,-20.320858,-34.304861085334714
351,-2.6720648,4.719806471058608
352,-16.019432,-110.3560826931128
353,-30.051443,-35.201169276055865
354,-39.893635,-24.57532252471058
355,-46.358273,-65.53682034598692
356,-13.264398,9.818016381032338
357,-4.698948,-0.8759628469252512
358,-0.073192425,15.873875206474562
359,0.1734004,14.798510088736403
360,-10.036561,-11.181140038288175
361,-18.232231,-32.38885900566717
362,-27.847858,-69.44729917063188
363,-21.736706,-5.949678904628158
364,5.1428847,3.628705659331572
365,-28.788712,-33.9473475431826
366,-30.196093,-27.058621960705967
367,0.29567176,10.205205631570102
368,-18.452116,-19.08437233592237
369,-42.19121,-44.17007553718239
370,-5.0523376,-1.339500825648149
371,-14.182258,-6.1909076644700685
372,1.0548815,-19.854846124813825
373,-13.3464155,-26.094561218559974
374,-8.737223,-3.341148151046834
375,10.458371,51.89702913450239
376,-17.434065,-15.366315372220472
377,-28.248375,-26.96844477735966
378,6.268039,16.318895566126553
379,4.171027,13.972743699419244
380,1.7466176,22.902848300995412
381,-11.593294,-18.387495537417518
382,12.014103,28.773416201143235
383,9.054818,27.002036909555997
384,-25.377121,-23.44932557218412
385,5.9994035,21.798215293596574
386,-18.829252,-0.036251832954650176
387,-17.67621,-14.945677944171717
388,11.734642,57.750213255545766
389,-2.4320462,6.962938430424678
390,8.506287,51.226009846847184
391,-25.80573,34.02671190508606
392,1.8890626,26.33464587003353
393,-0.30659342,4.724764053577804
394,-55.196133,-70.67172704888726
395,8.232341,28.491355372799283
396,2.6066782,24.182680562052642
397,-19.675016,-35.29896053518337
398,-13.267348,-22.324229286943503
399,3.5536249,23.796708014241705
400,-10.742152,-1.0262825174490953
401,4.12518,59.2927767530649
402,-31.44966,-32.22969737396621
403,-23.325447,-16.610648749441935
404,-10.967885,15.874046709125972
405,-2.543777,32.293310114736535
406,-9.540701,5.043433716908976
407,-30.086231,-63.201006123045595
408,8.514757,84.50651603646357
409,5.242101,31.272863209340038
410,-13.097753,-1.1857275839381292
411,8.828352,29.133245382128855
412,-28.46635,-86.03143055854997
413,11.166538,53.500688967592325
414,0.8856876,18.5036205244323
415,7.4054074,5.240287954013477
416,10.321158,79.53147401983351
417,5.9120364,33.272906253950445
418,0.275477,1.221167704359758
419,-12.705982,-0.7412272897537306
420,-0.23537326,6.692273103118351
421,5.1759386,18.099899680938435
422,-22.879208,-29.624969338084025
423,6.649557,16.121582325248582
424,-10.996138,-5.254988865306447
425,-27.474953,-8.436109204664218
426,2.500362,24.53160579951731
427,6.7177477,35.71192074269055
428,0.752374,13.833890494250145
429,-3.3098166,3.5215717714772508
430,-13.635076,-23.903781676943378
431,3.7258868,60.61940461125933
432,-20.108997,-8.256220418087771
433,-26.908812,-15.557291527873073
434,4.041775,21.702856495547795
435,3.8911781,95.35318209242122
436,1.3598859,7.0105440759191575
437,-10.486386,6.437911945793399
438,-20.346844,-20.42701315895208
439,-18.86735,-33.998132545227804
440,-7.296664,-4.0688127930807765
441,-5.430866,6.420228072037146
442,-16.348392,-24.612928172638235
443,-8.48161,-1.6317191349025657
444,-3.343248,-29.946812779501567
445,7.827905,41.4199995171825
446,-17.87442,-3.5728818872738275
447,-13.100998,10.131690298474052
448,-12.540941,2.0391228339060063
449,-3.442636,31.359312608207556
450,8.075838,39.02434703222235
451,-32.935314,-0.8639870247951418
452,-9.613057,11.409102508911646
453,-3.2386436,41.125182781520415
454,-7.25413,-26.770299683879003
455,-28.228365,-27.42291095705289
456,-2.8648524,10.919582169091637
457,5.0756803,8.258924195310659
458,-18.977411,-2.084176561456058
459,-12.395904,6.305252355333113
460,-27.018528,-33.097457505831656
461,-15.640664,-17.26237148863678
462,0.07109208,-0.30711176220457226
463,-3.058676,0.15007099124890644
464,-15.624719,-2.4740211777064993
465,8.614065,32.72222753151257
466,4.688848,46.06230460940836
467,7.4134297,33.94947755732403
468,-9.362942,-15.352101523229015
469,-11.244022,-6.105342073948753
470,1.4588017,30.681769995962387
471,-2.8823013,0.17608014797718494
472,-3.2238755,-8.707972754343505
473,1.9956267,21.43633185173541
474,-35.80371,-36.301210360899546
475,11.109747,29.008226403978888
476,-2.3365953,23.164088892149977
477,6.620263,22.554861898209317
478,1.9880257,5.566142691118782
479,-7.111771,1.1685067048753421
480,-34.226757,-35.929252166352676
481,-23.458754,-36.10558367615764
482,-6.927426,9.80963009934183
483,-3.5890827,24.498484745957136
484,5.114942,12.670047205384636
485,5.319593,12.107465654766786
486,5.281751,15.609342760847035
487,-24.392555,-4.7986935456652215
488,-25.761484,-37.881639592452295
489,-47.521282,-53.947372043969615
490,3.4893265,6.059188903035484
491,-3.6981263,19.850488229131667
492,-17.829607,-30.73550617342865
493,5.396384,20.0880407683545
494,-11.1061945,-12.838477338942955
495,-12.422372,-3.4825867811914133
496,-21.51348,-36.38401031346962
497,-3.415545,17.68756622987901
498,-17.998137,-26.46444342152319
499,4.8522506,-3.7126539715880873
500,-12.381544,-14.601031944467712
501,6.738711,12.175869612155605
502,-16.99563,-21.046026484832204
503,-27.212255,-23.607358422153176
504,-14.386775,-17.4468387762968
505,-15.9418,-28.95668036094276
506,-2.837239,-9.974589704914408
507,8.889953,55.628266513472454
508,6.427424,11.146626166393533
509,-7.320947,-5.715066111530135
510,-8.60284,-2.8249182748567567
511,4.375959,45.311690634534514
512,-18.163313,-28.210149160092133
513,-13.082138,4.902981961654373
514,-5.2441177,24.43252022890585
515,-24.37684,-15.451215228203692
516,-2.1769805,34.128215941911364
517,4.6299586,22.6734618411026
518,-1.2324333,12.903672649820752
519,-39.91094,-50.85628830756913
520,7.3299775,53.76717749247778
521,-7.1934648,6.092910929067068
522,-16.043976,-7.6541934843281565
523,-14.158383,-4.7811458040359645
524,-34.63637,-33.666426133111294
525,-12.989945,2.769458753390244
526,-19.530405,-34.76534578279737
527,6.328655,25.44102364659812
528,-13.915131,22.42178142235149
529,-31.891607,-30.31246570289296
530,5.5169387,16.039368789802566
531,4.4165654,14.226885312063818
532,-5.9438376,27.15924153789392
533,0.26837605,0.8650739883837171
534,7.7384787,62.20210698222045
535,1.4147434,8.856890761471428
536,-37.543797,-57.38577585392625
537,5.6087766,-11.574677403113787
538,4.768729,1.325817065913944
539,2.3722928,18.87150832122101
540,-1.7246988,29.29322520600344
541,7.7965903,27.330183470487434
542,-9.897705,5.693053695139907
543,-12.645559,-8.556433019019005
544,-20.087526,-37.68246390739973
545,-14.987137,-17.273310403723585
546,-5.8699265,-30.431722395073585
547,6.550382,17.922579376997398
548,-25.20959,-19.171430584145785
549,-8.823329,-4.836538668509607
550,4.712443,24.313103166099033
551,-2.6244407,-5.094772032480421
552,0.66782594,5.749832497131258
553,-9.986841,1.9885228795730023
554,-18.04347,-610.4119682878458
555,-14.91501,0.03032851506125378
556,10.589176,36.663960082501575
557,5.317673,32.71202065202333
558,-26.254555,-28.138185968206958
559,-12.261353,0.11252073577722044
560,5.601994,13.402946741017294
561,-21.189535,-21.081957787799602
562,-17.512033,-12.649246833602913
563,-36.62324,-46.2656540774848
564,3.420344,24.436852688085185
565,-11.748848,14.603949799775874
566,-7.317728,-37.522065917965286
567,-15.538308,-31.806476282423734
568,-23.158392,-43.867362450699375
569,-4.1905923,17.732654234494873
570,-10.005134,-10.502868619666849
571,-17.96372,-25.6223961189819
572,-0.6075278,41.09703830125486
573,-31.92272,-33.796796061061904
574,-5.672982,-18.73156736833445
575,8.806584,10.420208146962645
576,-6.7369914,-16.052347985864824
577,2.0873325,13.299176828804748
578,-5.464338,4.689441454184829
579,-0.8741323,-0.08014877668658738
580,-4.0834036,9.292533917403507
581,10.11025,52.02999096128028
582,-18.924597,-29.873421570462572
583,0.07164454,2.2622486134907778
584,-5.1954846,42.89069689771526
585,3.3671095,27.00446443094829
586,3.5962424,23.22629150962273
587,-10.479395,-9.383225185599148
588,-11.05862,7.066951359898731
589,-3.0464892,10.076846558583844
590,9.5756035,16.500249185866274
591,-13.788565,-22.142795027732237
592,-7.595984,-36.6173944409731
593,-16.201405,0.11759921918010807
594,-20.391733,4.230056829666647
595,-1.2803545,14.19693858121609
596,8.205495,45.767236863966076
597,2.4170842,7.952990681001435
598,-4.3707376,0.4354359807398427
599,-8.927144,10.826434818348963
600,-29.265627,-28.323062666696305
601,-3.5046601,6.9281074906126525
602,-46.931206,-74.97530605982774
603,2.4188504,27.681127293718625
604,-30.68115,-41.742471006873004
605,6.8067775,23.241127600323328
606,-11.6807165,-23.123506668150426
607,3.3179135,21.68368774666523
608,-18.40081,-13.777677664174812
609,-11.744304,7.429688104074982
610,-26.32801,-28.80376322082591
611,5.1855617,8.420729820464219
612,-62.105278,-63.18018026470109
613,3.3661804,46.95963884217856
614,6.5944767,23.346137726968397
615,-13.706729,-19.127202803988556
616,-9.5813,10.484257053036057
617,-7.1558647,0.670993223552292
618,4.814528,-134.33133807427143
619,5.367556,27.704494574007672
620,-3.5107865,-9.626829132867332
621,-26.816467,-35.17375710197549
622,-17.100506,-3.2815370671721
623,11.693864,30.91021792973884
624,0.83810544,7.0868442577149455
625,-2.6531668,25.983386518766387
626,-12.284365,-15.476609598289473
627,6.8753614,30.848382056129488
628,-3.5879395,1.882639751406884
629,-17.263689,-14.91741666924718
630,1.9386275,33.4458191560133
631,-7.834699,-177.34111552319294
632,-4.98515,25.12068742538597
633,0.32767415,12.440543840865477
634,-22.443504,-19.48557878729003
635,-15.148136,-0.7092605627959492
636,-11.400605,27.896399332085252
637,-33.697834,-41.112033281405495
638,-19.169033,-48.74929279438311
639,5.923105,36.487410265161905
640,-18.193571,-14.660753396710268
641,3.8789012,24.010719487860236
642,-9.043064,13.863355325935768
643,-16.505865,-10.142952614602017
644,-9.086946,27.13734675183527
645,2.4833837,38.80874697028942
646,-15.375815,-16.153419543659346
647,-12.642145,-5.563487358331344
648,-13.187875,-1.880405829724652
649,-17.662132,-13.143533977441395
650,-9.846821,9.111108830531174
651,4.392267,16.768508646433087
652,-9.323617,54.798426915312874
653,-20.676546,-70.71664059526529
654,-42.428974,-43.98136089620979
655,-9.121287,20.894460332413534
656,-26.663004,-27.571387061974058
657,12.748905,17.629842916928055
658,-2.6066759,-1.1522430002878004
659,-12.055902,-20.839407959194727
660,-15.803582,4.051507280833315
661,5.2811265,38.0417664854731
662,-20.382889,-9.905352941776913
663,-15.541825,-13.847183769875286
664,-20.227545,-70.37984073477617
665,-11.152448,-7.4595315932914765
666,-0.28975576,18.95072126052419
667,3.229374,20.355025481316535
668,6.7181478,16.420138782969836
669,-2.0698624,-3.373133147606728
670,-13.719928,-14.083350119563567
671,-3.0787523,1.7995675984695811
672,-24.454103,-26.191067508550926
673,-8.758575,-11.184721797129292
674,1.4015009,22.604653529547928
675,6.890132,42.68127998802705
676,-14.113148,-1929.1585060971347
677,-1.4895691,33.209517757361816
678,-3.6961443,21.085597639999346
679,-13.417623,13.711666263307974
680,6.833566,38.377823464747244
681,5.4293456,46.84010883752933
682,-26.425459,-23.87063375697164
683,-11.842211,-0.09669516032592362
684,-28.363127,-7.736536803951116
685,-27.024248,-20.07245976113703
686,-26.365606,-27.900563787865977
687,3.2620263,-88.4654105609398
688,1.0811254,17.34621758961832
689,-27.155102,-8.269275528794964
690,-15.653098,-27.640742353902798
691,-15.140855,-11.669176671904593
692,-24.703701,-31.55609846749582
693,-6.434114,-26.41793775781425
694,-23.646757,-9.05587516484844
695,-12.245858,-79.45283788172392
696,3.1328254,3.985524112571923
697,-4.8449793,1.8793474722207175
698,-22.864513,-22.463246222679143
699,4.152308,-2.43466143261711
700,-36.178005,-36.213477865247675
701,-4.8241134,5.694140015469662
702,-9.705196,-31.329577027031103
703,-8.864472,-10.589861631447919
704,-4.439494,-6.660030313474399
705,-32.93739,-98.05457055043112
706,0.97356486,8.39411116038739
707,-5.014127,-5.6056261001735415
708,-15.543432,14.344864134189331
709,-28.03269,-31.68286710508689
710,9.381901,22.229022060999394
711,-0.13366914,9.042464875509207
712,-11.111115,-37.92793303634932
713,-29.852053,-26.94862082795233
714,-44.816086,-63.46392241285965
715,-14.235648,-19.194565340802413
716,-4.716721,9.21547311929107
717,7.1997085,17.81308036627361
718,3.5777688,8.948217701653897
719,-4.7196803,30.27326572239891
720,-5.531435,5.5044158125440426
721,1.929112,22.256710647169665
722,5.492642,22.797328582820324
723,1.8883486,28.262210198043753
724,-2.520188,66.00569082908665
725,5.123542,10.743453202835202
726,-3.029252,-0.048518316444639005
727,0.15583444,438.2172557384383
728,0.7688194,12.151470242530275
729,-10.951846,-3.990163068264815
730,-26.069107,-12.856000626596607
731,-30.351336,-35.92836785519753
732,-6.176026,-12.689972815186028
733,-26.243128,-48.79975337583314
734,11.448276,39.831218256057035
735,-2.8108983,26.80725382606061
736,6.0860944,8.181906434186617
737,-18.475174,-8.38114826630038
738,6.146922,15.576602104468362
739,-43.96596,-53.5754666768489
740,7.124755,20.851066190906803
741,-16.097887,-44.38330508679307
742,-16.037235,-9.595164288753358
743,-44.7123,-41.84822256543203
744,6.781383,23.384914827122184
745,2.5546904,9.093776847393801
746,-5.2581315,2.994875858558003
747,2.106533,42.10802916331407
748,5.400605,36.029171248339615
749,-0.21089065,-17.656126020654945
750,-16.678452,-133.85574475609405
751,-12.277617,-24.52943121135964
752,-21.837093,-22.4585964828802
753,-15.1041,-16.575043250901576
754,-7.397823,9.160441036936364
755,-8.578628,-19.027933736668604
756,4.390982,-1.1663573445871545
757,-17.975956,-138.63320181493236
758,-9.002962,-10.157925298112245
759,-12.052087,26.97689485677475
760,-30.544867,-38.91817358591615
761,-44.81058,-69.69248054874886
762,-18.29802,-16.23508776574618
763,3.6407714,59.79058518434004
764,-14.875977,-29.122883193438106
765,3.0805106,33.14943511144059
766,0.22977799,21.125083228133523
767,4.048745,15.303109221279998
768,5.370983,43.31737003799932
769,6.8276277,469.9794105235982
770,4.5445538,42.182235951700314
771,-1.8889204,-12.375441134212492
772,-39.530262,-45.3045576294169
773,-21.58636,-12.127740724841221
774,6.8644657,42.576644939314754
775,-14.239845,-23.935175983801827
776,6.9498606,32.4166824211312
777,-9.126147,17.158189837129555
778,2.1972375,7.51918482620509
779,-22.396496,-27.991157842950702
780,-30.8963,-5.785503418951013
781,-21.46992,-18.80905353427041
782,-6.0487256,10.878004537046866
783,-16.60666,-8.281721197352036
784,-12.988337,-10.004406398763203
785,-2.8059592,35.053144390946805
786,-38.774982,-20.892816281352967
787,2.5468202,245.88925271282415
788,5.2824273,52.16164721049871
789,-22.806776,-14.548573624368322
790,-22.86506,-26.392070794350484
791,-19.49829,-19.119234124659574
792,0.42313427,28.287005563020237
793,-7.6989503,9.025549372447461
794,-26.23063,-13.959230166696017
795,-24.804274,-19.3280253027105
796,-13.903094,44.65485628925435
797,5.705033,5.848764269305159
798,-11.995074,-10.373969246730622
799,-29.493542,-44.06571813310098
800,-23.121576,-10.290793824830416
801,-32.923214,-38.10998371025784
802,-9.305463,-1.0457980924853711
803,-15.167244,-19.333416762758123
804,-11.252368,-4.548058564897534
805,5.533547,69.77384506283985
806,8.745401,51.574283975785725
807,4.8415027,43.00058116231693
808,-4.1117463,2.8245611897104594
809,5.385893,65.03461102046414
810,-23.426693,-27.9048263050927
811,-17.812872,-10.146652982987078
812,7.186849,37.22213704075267
813,5.703593,10.96533900921454
814,-19.917763,-15.88123419088989
815,-22.781296,-19.764306485768554
816,-6.2817,-14.538001207393284
817,-29.216051,-33.72424992549264
818,-0.5337646,67.40668312165563
819,-14.777111,-10.960061325252566
820,-21.156502,1.1694963109458727
821,-36.54027,-39.522766987114785
822,-6.0882483,-4.839243932372076
823,-18.091288,-21.43164786032433
824,-42.558964,-62.03521951020602
825,-30.393719,-34.680001289596085
826,-24.589647,-16.016005184876562
827,-3.427175,4.250805287559532
828,-34.582455,-17.639751273455015
829,-27.354723,-45.87132612401891
830,-44.8481,-51.51148254961318
831,-18.11103,-17.278386500460567
832,-34.4659,-34.362027465544486
833,-20.06777,-12.600543416438384
834,-23.745642,-27.129813906706524
835,-28.134058,-9.584837370956118
836,5.8654566,3.5625040916572357
837,2.9472978,-10.495683365794317
838,-20.21458,-14.831741269729982
839,-21.71065,2.8604242321014546
840,-8.6681595,100.44397730407144
841,-12.183426,6.527015522958232
842,-10.303916,-6.4433766336788745
843,-31.358717,-48.84761397266841
844,4.104563,34.49339962333011
845,-22.448683,-13.979574030538561
846,-2.0120492,-11.539349089790099
847,0.7380072,37.10288394155625
848,6.073891,-1.5907790937297612
849,10.515578,-7.47486636005216
850,-9.960198,-0.7086129049027641
851,-46.28954,-55.59113060035943
852,7.522051,61.452501890478935
853,-13.575519,-6.236318656374986
854,5.849987,5.4806170348678975
855,-27.955523,-15.302267731104491
856,-14.985168,-8.207605588663295
857,-21.210289,-28.82031763615571
858,-41.42591,-52.97431551299347
859,4.5794206,41.08019353016052
860,-23.901447,-27.906635644280268
861,-12.216867,-3.1326976218842395
862,-5.4821935,1.7669289673547692
863,-23.493017,-21.324873559363567
864,-19.238003,-3.798542718917698
865,-30.55624,-17.840030495159446
866,-20.82036,-14.488942926869054
867,-10.553201,-0.301535907259888
868,-14.546792,-20.420800825081095
869,-6.7336073,-7.982773909325832
870,2.2926564,-1.5641012538116044
871,-0.24248886,-28.354398493988228
872,6.354066,29.432086311047012
873,11.615094,72.29117996778582
874,-28.213778,-98.17467951819954
875,3.7029965,25.316023024190887
876,-29.501549,-39.808470505813524
877,-31.946192,-85.70495507042085
878,-2.4640932,23.727871806698168
879,-13.100726,-30.663563485772386
880,-15.189284,-25.17170106551749
881,-20.217249,-22.606252966784965
882,10.085122,43.7959438599279
883,1.1353252,12.401066031285641
884,-13.610947,1.9162533079366315
885,-25.60514,-29.680701936288212
886,9.074904,35.389778640882945
887,-11.24989,-18.189307786715613
888,-38.13816,-59.9574277711109
889,1.9871588,-20.42345780398616
890,1.4398187,-629.2665225815776
891,11.646563,75.00192743302269
892,-0.40610605,5.805567913231355
893,-7.2766623,-127.48341023073698
894,-34.458256,-30.08331696974765
895,-0.8142049,14.065337985162413
896,-7.9361663,-12.14418957532986
897,3.91769,19.911298847096678
898,-18.539219,1.6101547084015189
899,-5.3544955,0.15844928334073582
900,-28.997738,-16.497786761276753
901,-11.080716,11.702646964596436
902,-14.034503,-20.403283640837685
903,-15.322847,-7.2036942733511555
904,-5.5420766,8.890390281627836
905,-3.1000025,-318.2730248619783
906,-17.228664,-30.65303123579607
907,5.461781,29.906984578553534
908,-13.37543,-19.796190882372922
909,4.628986,22.012091342355227
910,5.0620546,3.9884140501335663
911,1.9625914,11.878692799362721
912,-21.248543,3.4013744575924023
913,-29.080715,-15.583640187891627
914,-28.267336,-48.49840240117535
915,-14.824464,-1.3491834877439142
916,-17.192982,0.9276464113201346
917,-24.594511,-38.07752491330664
918,1.2260764,-9.142505109438467
919,6.4382615,13.857170782973006
920,2.3155715,29.2760746381601
921,-18.453009,-12.151803917702852
922,-26.801666,-21.547515307322296
923,5.7155633,6.294335147569491
924,7.424687,24.27026319251548
925,-0.06098879,28.327356564269834
926,1.4159698,14.788130395501312
927,3.4068925,14.720150210692768
928,2.6221366,21.61059805175345
929,-10.531588,9.928084669799356
930,-32.065178,-47.48131870892407
931,5.5221734,48.15897471343492
932,7.134651,32.37205687819509
933,-22.16573,-2.0683260880379564
934,8.507403,12.598514720778933
935,4.624461,24.087231365260173
936,-0.0023621395,-0.12554652608253747
937,8.776658,63.385624185057004
938,-3.8508177,41.0277938825602
939,-22.044653,-24.72307562672308
940,-30.323614,-42.23719249703075
941,-9.723385,6.947758829168601
942,-4.6068497,30.602016541375068
943,3.4826956,72.34859799753363
944,10.537388,44.3284095058736
945,-4.0404854,-4.022124331706594
946,-1.9666576,50.96363911590474
947,-33.960865,-46.014089778824776
948,-20.603281,-19.01003038739505
949,5.291052,7.522978463280992
950,8.309409,-7.383491263293108
951,-12.902663,-8.990020898990126
952,8.281037,29.655044842213286
953,3.5199485,-1.6666396256693563
954,-12.597255,6.806198586071407
955,-17.488264,-13.871607615203063
956,5.3427835,9.897480320658865
957,6.544687,-3.937101889661325
958,7.8690166,30.61463503836341
959,-13.227328,-1369.6596257345511
960,-3.0020502,122.5245248456403
961,-3.56707,1.3982285600726945
962,9.406533,49.51643571167338
963,-26.512486,-29.64796792641657
964,-25.662205,-18.531480327353307
965,-15.72753,7.58088892804429
966,0.029621534,4.724878744625245
967,-1.6772443,28.264464919901567
968,-2.9499812,45.81838806958982
969,-5.323955,-14.661100970528274
970,-21.84177,-10.8833657625149
971,7.7586656,35.181235900210716
972,-20.045067,-44.990915629276316
973,-3.228606,4.428693285527888
974,-14.533284,16.62708158321296
975,-14.151662,-26.05057256740396
976,-5.9202104,-16.7210231212806
977,-24.486395,-12.364100799750199
978,-12.513577,1.4524299118397743
979,-11.520501,-3.9124306421413726
980,-8.094327,20.78827071997255
981,-16.589378,-14.96591444934562
982,6.5896096,32.732353798206894
983,9.308411,43.823676251471404
984,-22.8247,-7.646049917542598
985,6.2828717,71.5318691842477
986,1.0093904,13.60985035943067
987,5.5917945,6.291523813232183
988,1.975301,11.868593948068742
989,10.124158,12.985770643825855
990,2.2571774,35.87062890896019
991,8.265647,57.02838049662319
992,-13.980591,10.692542101500253
993,-26.074163,-18.515992691184344
994,-31.253323,-23.341731539733573
995,5.79896,19.150048707880586
996,-14.415788,-5.714499769900928
997,-18.695305,17.64632121108136
998,5.057195,2.977349033485837
999,5.7656093,34.18802761583353
1000,-14.696303,0.7038311685378353
1001,-15.342418,-7.047150935387855
1002,-17.938227,-24.015703565792705
1003,-0.8203835,20.015643188867344
1004,9.145458,30.66414822263045
1005,-19.434454,-40.334389659283055
1006,-24.68115,-41.77290250551727
1007,-28.095098,-26.986519562739957
1008,5.4578876,-2.7164882361645417
1009,7.5610414,36.79763945237492
1010,-6.909556,-23.37475454500545
1011,-7.6420507,209.64344911530839
1012,1.3699641,55.38930233446286
1013,2.3898482,22.14906692872239
1014,-9.420634,-11.723913550837768
1015,-28.149542,-27.97701383569599
1016,-23.038563,-2.0889265925087432
1017,6.292862,23.38824793918857
1018,-16.277298,7.3852584817462015
1019,-30.332905,-48.832530400334996
1020,-9.356778,19.414221894784387
1021,2.5941944,16.348511843481223
1022,-20.45521,-3.826413119734516
1023,5.5465617,-64.60983776161098
1024,4.9805284,21.890921012131532
1025,-35.91079,-54.237666895201464
1026,6.8532214,39.35212739965552
1027,10.493996,24.766144521621808
1028,-22.818632,15.020610703180894
1029,-19.34019,-21.116224618611373
1030,-3.3929029,3.7422847474826963
1031,-15.856254,-6.373815303332506
1032,6.2085176,24.88666564208058
1033,-10.098482,-23.403413895441147
1034,-8.861082,22.9021512089687
1035,-0.73624885,32.900887362049744
1036,-6.546964,-6.975438828506137
1037,-36.585934,-20.370705728478654
1038,-18.980726,-36.365516120742356
1039,-41.67243,-53.630701254916104
1040,1.1402931,0.48548743496144103
1041,-15.870652,-6.59446089904888
1042,-38.518185,-43.3871790912208
1043,-38.769108,-37.28531667062561
1044,1.8409427,10.422711856037386
1045,-28.013552,-21.611633263493424
1046,7.8054023,4.6241618848634864
1047,-20.497334,-16.28759671243538
1048,0.21066225,-2.212479099468398
1049,0.6418874,33.790228687850735
1050,-10.809948,-7.884770814091309
1051,-13.275117,-10.730636890506126
1052,-9.808051,212.18674110316758
1053,2.3872728,44.842714544438934
1054,2.1092455,35.23717040940573
1055,-19.200197,-21.548922719430614
1056,7.785748,-14.518030228944387
1057,-7.546118,3.411166463882888
1058,-2.595653,25.08187244995974
1059,3.3211007,-505.9719335001886
1060,7.0990987,50.49067205531361
1061,-1.4708889,8.85273065996181
1062,-28.467264,-7.671657775061688
1063,2.9888139,58.66302341966938
1064,-16.677929,41.19746466549385
1065,-18.217688,-24.75167682591585
1066,-17.460304,-11.359422721852102
1067,-3.3735323,29.851042846463
1068,0.49294555,26.62848129691585
1069,-25.818586,-38.91617549971856
1070,4.5126786,10.804162528714823
1071,2.5785048,8.354952943290638
1072,-22.608776,-21.883066213483147
1073,-13.597343,-17.80821783109176
1074,-17.303999,-21.4747795709993
1075,-3.2847736,19.35310360651758
1076,-10.768562,15.157397312055966
1077,-2.473706,-16.401042415107696
1078,6.5269613,25.30277199344137
1079,1.7445912,14.40084076551926
1080,-24.788359,-0.6304320306177507
1081,7.558491,19.34202856911359
1082,-18.636103,9.886757385660774
1083,-10.616442,-45.97902598739292
1084,6.2232227,29.46724819508632
1085,-2.490152,15.61639198159134
1086,-44.35926,-59.312134306784
1087,6.624233,12.219827226364552
1088,4.653129,2.031762434896056
1089,8.456916,6.488067180518348
1090,9.733402,38.350330788814894
1091,8.181423,24.441184844937393
1092,-24.030035,-15.487556993573437
1093,-11.494923,14.743365930180108
1094,-33.79391,-17.948865403832837
1095,-4.075013,32.152224951968385
1096,-11.628131,-14.431388387711493
1097,-16.359846,-29.357069148522182
1098,5.4137597,34.94818426523613
1099,-14.139333,-6.16932596419927
1100,-23.792664,-33.7433748977134
1101,-22.930048,714.0510191836238
1102,-16.647154,-13.946476132490295
1103,8.881425,6.849549801267622
1104,-22.050108,-12.550766657860516
1105,-32.93585,-45.11883709127001
1106,-23.769608,-23.414862761109795
1107,-33.50808,-31.048563746174487
1108,-23.982674,-50.379273607788114
1109,-10.377343,-1.5591500596754742
1110,-14.163922,-8.469711867280122
1111,10.856919,62.083328345372635
1112,0.69120646,7.278936708692888
1113,-20.887825,-0.5883886190824418
1114,-5.689775,23.722402866763478
1115,6.1713114,17.271426708384336
1116,-6.587804,1.9989414525122768
1117,-8.172588,-17.853853815033084
1118,-20.363577,-17.8856458586064
1119,1.5664678,29.910593030031322
1120,-2.0425174,12.634226283739586
1121,-27.096764,-57.815320475186006
1122,-19.69316,-13.101389083986788
1123,-20.572489,-30.55838180313334
1124,0.75656205,20.678151257232766
1125,-15.736302,-19.670550212296256
1126,-14.170527,-24.200410705154482
1127,1.6331294,24.830506539991077
1128,-15.932208,-23.166352545218125
1129,-11.682846,11.604498742332
1130,-0.7473903,5.599774171524988
1131,-19.606176,-7.102174206206661
1132,-6.560006,17.447123403167822
1133,-20.20031,-19.66467934455753
1134,-25.39733,-5.715330224821697
1135,3.6390138,26.008417812351237
1136,-10.814862,12.06068417307266
1137,-1.227287,31.101389884032173
1138,-11.75342,0.3797203604271964
1139,-17.545887,-5.712332358830856
1140,-35.88605,-25.687690025812444
1141,-9.539062,18.866722043917736
1142,-0.43914318,22.09702354801011
1143,-7.0094514,45.72578459085428
1144,-36.00385,-48.246410749216224
1145,-4.1808305,-12.005163980050966
1146,3.608537,12.597829173172984
1147,-11.51824,11.876556152695164
1148,1.5646443,41.18026299825959
1149,-5.6742234,-36.448947532633596
1150,-7.4537597,0.7379014025607491
1151,-7.695615,-20.185239483531035
1152,2.1202993,5.407155875699661
1153,7.9023747,43.833401086041576
1154,-3.5266466,16.652243123619066
1155,-29.558962,-11.994037183768347
1156,2.27863,1.0464861807749033
1157,0.5862764,-20.547944158819128
1158,5.789744,36.28708785090364
1159,-29.309958,-31.85909202552922
1160,2.8412426,-27.81775500035416
1161,-24.924696,-12.184535878577151
1162,7.0967836,18.40729012381605
1163,3.872377,27.338375791923013
1164,5.49334,45.2738931036512
1165,5.2621655,29.928817413073663
1166,-30.650953,-30.368141724586522
1167,-18.94088,10.467735037209689
1168,6.0172386,22.67840666023968
1169,-0.8042461,29.695309340691296
1170,-10.522064,-12.459867617809286
1171,-12.663936,14.182269112449355
1172,2.0202308,2.6638600845089075
1173,-46.682583,-33.33604878263975
1174,-2.892848,15.119855441394837
1175,2.7927408,40.00031520010739
1176,3.026187,-1.0047003032673842
1177,-29.853315,7.440986604682228
1178,-32.24293,-73.30657642841271
1179,-5.361673,28.15930803116425
1180,-5.7660513,0.5800935282623598
1181,3.0006652,16.72979129765236
1182,-2.0626109,36.9191563688285
1183,-12.389781,142.96430923729153
1184,0.21671975,39.18017208314679
1185,-9.666753,-4.1644267000746344
1186,-0.14563107,39.591103199006575
1187,-12.715608,-0.9994582265676044
1188,-19.885622,-18.965035832164602
1189,0.124366336,31.25941057072073
1190,-31.268457,-39.582619390992825
1191,-8.751566,16.590781941571837
1192,-22.044312,97.22385316999086
1193,1.3368742,23.01051403753485
1194,5.9190598,11.027663897128248
1195,8.600438,2.7520205316901003
1196,-19.16778,14.402507950453336
1197,-38.645832,-42.152960531973655
1198,-26.3198,-36.8400625274994
1199,-18.908432,-4.579087674001439
1200,-14.1263275,9.406970030882146
1201,-7.02841,-27.367487879242674
1202,1.7232169,-4.695824085855611
1203,-4.7104383,4.6673467674329485
1204,-46.839333,-51.202515833684565
1205,3.0020795,24.54504019046503
1206,-13.674768,-14.168628191320176
1207,-5.9544544,-16.45330427790701
1208,-6.621583,18.798881046815254
1209,2.938376,0.11136774575525103
1210,-15.306273,1.7155749878259268
1211,7.3439317,24.581532157862462
1212,6.8942447,70.91887259629502
1213,1.3547226,3.4816450289652234
1214,-16.664988,1.2857879112184492
1215,-27.003342,-29.949288923993656
1216,-4.5614,18.43544909171983
1217,-13.576793,-8.941690239154733
1218,-14.61547,45.085231182544355
1219,-18.35633,-0.5966836359809715
1220,-33.897446,-55.70330583846975
1221,-6.3477755,-13.585516326127653
1222,-16.154797,7.920991126584537
1223,-1.7594364,11.65025780411055
1224,-14.208522,-5.176262556012008
1225,-9.704792,-0.09489191933081463
1226,1.9326365,7.351319012874399
1227,-5.6863103,13.784696494230802
1228,-13.563487,7.582651105618187
1229,-8.888896,7.175812018399731
1230,-6.098049,21.674954001241673
1231,-9.0251465,10.21243951861796
1232,-41.92944,-94.41690793335586
1233,-19.093712,-8.336206401519924
